[
  {
    "value": "10.25739/rzzy-3n27",
    "key": "DOI"
  },
  {
    "value": "Genomes to Fields",
    "key": "Creator"
  },
  {
    "value": "Genomes to Fields 2023 dataset",
    "key": "Title"
  },
  {
    "value": "CyVerse Data Commons",
    "key": "Publisher"
  },
  {
    "value": "2025",
    "key": "Publication Year"
  },
  {
    "value": "The dataset comprises 2023 phenotypic evaluations, field-level weather data, agronomic information, metadata, and soil data from multi-location field trials conducted as part of the Maize GxE Project within the Genomes to Fields (G2F) initiative (https://www.genomes2fields.org/).",
    "key": "Description"
  },
  {
    "value": "Zea mays L., Maize breeding, Phenotypic data",
    "key": "Subject"
  },
  {
    "value": "Qiuyue Chen",
    "key": "Contributor"
  },
  {
    "value": "ODC PDDL",
    "key": "Rights"
  },
  {
    "value": "metadata, weather, soil, agronomic and phenotypic data",
    "key": "resourceType"
  }
]